{"epsilon": [0.9897, 0.9894000000000001, 0.9891000000000001, 0.9888000000000001, 0.9885000000000002, 0.9882000000000002, 0.9879000000000002, 0.9876000000000003, 0.9873000000000003, 0.9870000000000003, 0.9867000000000004, 0.9864000000000004, 0.9861000000000004, 0.9858000000000005, 0.9855000000000005, 0.9852000000000005, 0.9849000000000006, 0.9846000000000006, 0.9843000000000006, 0.9840000000000007, 0.9837000000000007, 0.9834000000000007, 0.9831000000000008, 0.9828000000000008, 0.9825000000000008, 0.9822000000000009, 0.9819000000000009, 0.9816000000000009, 0.981300000000001, 0.981000000000001, 0.980700000000001, 0.980400000000001, 0.9801000000000011, 0.9798000000000011, 0.9795000000000011, 0.9792000000000012, 0.9789000000000012, 0.9786000000000012, 0.9783000000000013, 0.9780000000000013, 0.9777000000000013, 0.9774000000000014, 0.9771000000000014], "rewards": [0, 0, 0, 0, 0, 0, 0, 0, 0, 0, 0, 0, 0, 0, 0, 0, 0, 0, 0, 0, 0, 0, 0, 0, 0, 0, 0, 0, 0, 0, 0, 0, 0, 0, 0, 0, 0, 0, 0, 0, 0, 0, 0]}