{"epsilon": [0.9897, 0.9894000000000001, 0.9891000000000001, 0.9888000000000001, 0.9885000000000002, 0.9882000000000002, 0.9879000000000002, 0.9876000000000003, 0.9873000000000003, 0.9870000000000003, 0.9867000000000004, 0.9864000000000004, 0.9861000000000004, 0.9858000000000005, 0.9855000000000005, 0.9852000000000005], "rewards": [0, 0, 0, 0, 0, 0, 0, 0, 0, 0, 0, 0, 0, 0, 0, 0]}