{"epsilon": [0.9750000000000016, 0.9600000000000033], "rewards": [0, 0]}