{"epsilon": [0.9750000000000016, 0.9600000000000033, 0.945000000000005, 0.9300000000000066, 0.9150000000000083, 0.9000000000000099, 0.8850000000000116, 0.8700000000000132, 0.8550000000000149, 0.8400000000000165], "rewards": [0, 0, 0, 0, 0, 0, 0, 0, 0, 0]}