{"(1, 1)-(2, 0)-(0, 1)-(0, 0)-UP": 0.899999999999999, "(1, 0)-(2, 0)-(0, 1)-(0, 0)-DOWN": 0.553774699315134, "(1, 0)-(2, 0)-(0, 1)-(0, 0)-UP": 0.4263447942113311, "(1, 0)-(2, 0)-(0, 1)-(0, 0)-RIGHT": -0.814697981114816, "(3, 4)-(2, 0)-(0, 1)-(0, 0)-DOWN": 9.682768390502106e-05, "(3, 5)-(2, 0)-(0, 1)-(0, 0)-UP": 0.00022536179785105718, "(3, 4)-(2, 0)-(0, 1)-(0, 0)-LEFT": 0.5314409999999974, "(2, 4)-(2, 0)-(0, 1)-(0, 0)-LEFT": 0.05333288477756323, "(1, 4)-(2, 0)-(0, 1)-(0, 0)-DOWN": 0.016226413258923947, "(1, 5)-(2, 0)-(0, 1)-(0, 0)-RIGHT": 0.0037904701885272565, "(2, 5)-(2, 0)-(0, 1)-(0, 0)-DOWN": 0.00010881293274070188, "(2, 5)-(2, 0)-(0, 1)-(0, 0)-UP": 0.5314409999999974, "(2, 4)-(2, 0)-(0, 1)-(0, 0)-DOWN": 0.005173866060721829, "(1, 5)-(2, 0)-(0, 1)-(0, 0)-UP": 0.47829689999999736, "(1, 4)-(2, 0)-(0, 1)-(0, 0)-LEFT": 0.0006394749232348278, "(0, 4)-(2, 0)-(0, 1)-(0, 0)-DOWN": 0.0, "(0, 5)-(2, 0)-(0, 1)-(0, 0)-RIGHT": 0.4304672099977082, "(1, 5)-(2, 0)-(0, 1)-(0, 0)-DOWN": 0.0, "(1, 4)-(2, 0)-(0, 1)-(0, 0)-UP": 0.5314409999999974, "(1, 3)-(2, 0)-(0, 1)-(0, 0)-RIGHT": 0.5904899999999977, "(2, 3)-(2, 0)-(0, 1)-(0, 0)-DOWN": 0.0668027118144437, "(2, 4)-(2, 0)-(0, 1)-(0, 0)-RIGHT": 0.010547234757536524, "(2, 5)-(2, 0)-(0, 1)-(0, 0)-RIGHT": 0.0007098749569493436, "(3, 5)-(2, 0)-(0, 1)-(0, 0)-RIGHT": 0.0, "(4, 5)-(2, 0)-(0, 1)-(0, 0)-LEFT": 0.43046720999999744, "(3, 5)-(2, 0)-(0, 1)-(0, 0)-LEFT": 0.47829689999999736, "(2, 5)-(2, 0)-(0, 1)-(0, 0)-LEFT": 4.3046721000000035e-10, "(1, 5)-(2, 0)-(0, 1)-(0, 0)-LEFT": 0.0, "(0, 5)-(2, 0)-(0, 1)-(0, 0)-UP": 0.004271548646919691, "(0, 5)-(2, 0)-(0, 1)-(0, 0)-DOWN": 0.0, "(0, 5)-(2, 0)-(0, 1)-(0, 0)-LEFT": 0.0010764458183519076, "(0, 4)-(2, 0)-(0, 1)-(0, 0)-RIGHT": 1.3038038686170007e-07, "(1, 3)-(2, 0)-(0, 1)-(0, 0)-DOWN": 0.06412499574778015, "(2, 3)-(2, 0)-(0, 1)-(0, 0)-UP": 0.6560999999999979, "(2, 2)-(2, 0)-(0, 1)-(0, 0)-LEFT": 0.0621885788437874, "(1, 2)-(2, 0)-(0, 1)-(0, 0)-UP": 0.05777246872739149, "(1, 1)-(2, 0)-(0, 1)-(0, 0)-LEFT": -0.8784233454094308, "(4, 3)-(2, 0)-(0, 1)-(0, 0)-RIGHT": 0.0, "(5, 3)-(2, 0)-(0, 1)-(0, 0)-UP": 0.0, "(5, 2)-(2, 0)-(0, 1)-(0, 0)-LEFT": 0.4304672099998054, "(4, 2)-(2, 0)-(0, 1)-(0, 0)-DOWN": 0.0, "(5, 3)-(2, 0)-(0, 1)-(0, 0)-DOWN": 0.0001758201720767402, "(5, 4)-(2, 0)-(0, 1)-(0, 0)-LEFT": 0.4304672099975642, "(4, 4)-(2, 0)-(0, 1)-(0, 0)-RIGHT": 3.304063920878415e-05, "(5, 4)-(2, 0)-(0, 1)-(0, 0)-DOWN": 0.0, "(5, 5)-(2, 0)-(0, 1)-(0, 0)-RIGHT": 0.0, "(5, 5)-(2, 0)-(0, 1)-(0, 0)-DOWN": 0.0, "(5, 5)-(2, 0)-(0, 1)-(0, 0)-UP": 0.0, "(4, 4)-(2, 0)-(0, 1)-(0, 0)-UP": 0.002719218844534889, "(4, 3)-(2, 0)-(0, 1)-(0, 0)-UP": 0.0, "(4, 2)-(2, 0)-(0, 1)-(0, 0)-UP": 0.47829689999999736, "(4, 1)-(2, 0)-(0, 1)-(0, 0)-UP": 0.0, "(4, 0)-(2, 0)-(0, 1)-(0, 0)-DOWN": 0.47829689999999736, "(4, 0)-(2, 0)-(0, 1)-(0, 0)-RIGHT": 0.0004680082503421014, "(5, 0)-(2, 0)-(0, 1)-(0, 0)-UP": 0.0, "(5, 0)-(2, 0)-(0, 1)-(0, 0)-LEFT": 0.43046720999665555, "(4, 1)-(2, 0)-(0, 1)-(0, 0)-LEFT": 0.5314409999999974, "(3, 1)-(2, 0)-(0, 1)-(0, 0)-UP": 0.019070145174489853, "(3, 0)-(2, 0)-(0, 1)-(0, 0)-DOWN": 0.5314409999976772, "(3, 1)-(2, 0)-(0, 1)-(0, 0)-DOWN": 0.5904899999999977, "(3, 2)-(2, 0)-(0, 1)-(0, 0)-UP": 0.0009760855730961492, "(3, 1)-(2, 0)-(0, 1)-(0, 0)-LEFT": 0.0, "(2, 1)-(2, 0)-(0, 1)-(0, 0)-LEFT": 0.8099999999999987, "(1, 1)-(2, 0)-(0, 1)-(0, 0)-RIGHT": 0.10128867636898574, "(2, 1)-(2, 0)-(0, 1)-(0, 0)-DOWN": 0.08171134184538952, "(2, 2)-(2, 0)-(0, 1)-(0, 0)-UP": 0.7289999999999983, "(1, 2)-(2, 0)-(0, 1)-(0, 0)-DOWN": 0.06335012367484097, "(0, 4)-(2, 0)-(0, 1)-(0, 0)-LEFT": 0.0, "(0, 4)-(2, 0)-(0, 1)-(0, 0)-UP": 0.47829689997927277, "(0, 3)-(2, 0)-(0, 1)-(0, 0)-DOWN": 0.0001711698859362272, "(0, 3)-(2, 0)-(0, 1)-(0, 0)-RIGHT": 0.07604228509284584, "(1, 4)-(2, 0)-(0, 1)-(0, 0)-RIGHT": 0.03158878128671627, "(2, 4)-(2, 0)-(0, 1)-(0, 0)-UP": 0.5904899999999977, "(2, 3)-(2, 0)-(0, 1)-(0, 0)-RIGHT": 0.052026298989202635, "(3, 3)-(2, 0)-(0, 1)-(0, 0)-RIGHT": 0.0, "(4, 2)-(2, 0)-(0, 1)-(0, 0)-RIGHT": 0.0, "(5, 2)-(2, 0)-(0, 1)-(0, 0)-UP": 0.0, "(5, 1)-(2, 0)-(0, 1)-(0, 0)-DOWN": 0.0, "(5, 2)-(2, 0)-(0, 1)-(0, 0)-RIGHT": 0.0, "(4, 2)-(2, 0)-(0, 1)-(0, 0)-LEFT": 0.0, "(3, 2)-(2, 0)-(0, 1)-(0, 0)-RIGHT": 0.0, "(5, 2)-(2, 0)-(0, 1)-(0, 0)-DOWN": 7.66682297250852e-06, "(5, 3)-(2, 0)-(0, 1)-(0, 0)-RIGHT": 1.6925754417636182e-07, "(5, 3)-(2, 0)-(0, 1)-(0, 0)-LEFT": 0.47829689999907965, "(5, 5)-(2, 0)-(0, 1)-(0, 0)-LEFT": 0.38742048899906395, "(4, 5)-(2, 0)-(0, 1)-(0, 0)-DOWN": 1.586741983576246e-08, "(4, 5)-(2, 0)-(0, 1)-(0, 0)-UP": 0.0, "(4, 1)-(2, 0)-(0, 1)-(0, 0)-RIGHT": 5.2389334116938065e-06, "(5, 1)-(2, 0)-(0, 1)-(0, 0)-UP": 0.0, "(5, 0)-(2, 0)-(0, 1)-(0, 0)-RIGHT": 0.0, "(4, 0)-(2, 0)-(0, 1)-(0, 0)-LEFT": 0.012147990380675447, "(3, 0)-(2, 0)-(0, 1)-(0, 0)-UP": 5.312233911358079e-05, "(2, 1)-(2, 0)-(0, 1)-(0, 0)-UP": -0.34390000000000004, "(1, 3)-(2, 0)-(0, 1)-(0, 0)-LEFT": 0.06343436407927609, "(0, 3)-(2, 0)-(0, 1)-(0, 0)-LEFT": 0.033139748247086355, "(2, 3)-(2, 0)-(0, 1)-(0, 0)-LEFT": 0.06672903790991146, "(1, 3)-(2, 0)-(0, 1)-(0, 0)-UP": 0.06438904745025695, "(4, 4)-(2, 0)-(0, 1)-(0, 0)-LEFT": 0.47829689999999736, "(3, 4)-(2, 0)-(0, 1)-(0, 0)-UP": 0.013145816988437965, "(3, 3)-(2, 0)-(0, 1)-(0, 0)-UP": 0.0007198672173867592, "(3, 2)-(2, 0)-(0, 1)-(0, 0)-DOWN": 0.003023944954177288, "(3, 3)-(2, 0)-(0, 1)-(0, 0)-LEFT": 0.5904899999999977, "(3, 4)-(2, 0)-(0, 1)-(0, 0)-RIGHT": 0.0033263760994978447, "(3, 2)-(2, 0)-(0, 1)-(0, 0)-LEFT": 0.6560999999999979, "(1, 2)-(2, 0)-(0, 1)-(0, 0)-LEFT": 0.06336021928468474, "(0, 2)-(2, 0)-(0, 1)-(0, 0)-RIGHT": 0.5904899999999977, "(0, 2)-(2, 0)-(0, 1)-(0, 0)-LEFT": 0.06265675395608762, "(0, 2)-(2, 0)-(0, 1)-(0, 0)-UP": -0.6513215599000001, "(3, 5)-(2, 0)-(0, 1)-(0, 0)-DOWN": 0.0, "(4, 4)-(2, 0)-(0, 1)-(0, 0)-DOWN": 6.03683594608291e-05, "(4, 5)-(2, 0)-(0, 1)-(0, 0)-RIGHT": 0.0, "(2, 2)-(2, 0)-(0, 1)-(0, 0)-DOWN": 0.002245552770889809, "(2, 2)-(2, 0)-(0, 1)-(0, 0)-RIGHT": 0.06216094165128629, "(1, 2)-(2, 0)-(0, 1)-(0, 0)-RIGHT": 0.6560999999999979, "(3, 0)-(2, 0)-(0, 1)-(0, 0)-LEFT": -0.40951000000000004, "(4, 3)-(2, 0)-(0, 1)-(0, 0)-DOWN": 0.00019017850220078692, "(5, 4)-(2, 0)-(0, 1)-(0, 0)-RIGHT": 0.0001008035496141031, "(5, 4)-(2, 0)-(0, 1)-(0, 0)-UP": 8.206733327741538e-07, "(5, 0)-(2, 0)-(0, 1)-(0, 0)-DOWN": 0.0, "(5, 1)-(2, 0)-(0, 1)-(0, 0)-LEFT": 0.47829689999911873, "(3, 1)-(2, 0)-(0, 1)-(0, 0)-RIGHT": 0.000506629274903453, "(3, 0)-(2, 0)-(0, 1)-(0, 0)-RIGHT": 0.0, "(5, 1)-(2, 0)-(0, 1)-(0, 0)-RIGHT": 0.0, "(4, 1)-(2, 0)-(0, 1)-(0, 0)-DOWN": 9.180197224128112e-05, "(4, 0)-(2, 0)-(0, 1)-(0, 0)-UP": 0.0, "(3, 3)-(2, 0)-(0, 1)-(0, 0)-DOWN": 3.978399956477403e-07, "(4, 3)-(2, 0)-(0, 1)-(0, 0)-LEFT": 0.5314409999999974, "(1, 1)-(2, 0)-(0, 1)-(0, 0)-DOWN": 0.5282842054972317, "(0, 2)-(2, 0)-(0, 1)-(0, 0)-DOWN": 0.03148599097933324, "(0, 3)-(2, 0)-(0, 1)-(0, 0)-UP": 0.5314409999999974, "(1, 0)-(2, 0)-(0, 1)-(0, 0)-LEFT": 0.9999999999999996, "(2, 1)-(2, 0)-(0, 1)-(0, 0)-RIGHT": 0.0018876976066872701}