{"(0, 0)": [1, [32, 31]], "(1, 0)LEFT": [0.9999999999999996, [85, 31]], "(1, 0)RIGHT": [-0.814697981114816, [130, 31]], "(1, 0)UP": [0.4263447942113311, [112, 11]], "(1, 0)DOWN": [0.553774699315134, [112, 53]], "(2, 0)": [-1, [192, 31]], "(3, 0)LEFT": [-0.40951000000000004, [245, 31]], "(3, 0)RIGHT": [0.0, [290, 31]], "(3, 0)UP": [5.312233911358079e-05, [272, 11]], "(3, 0)DOWN": [0.5314409999976772, [272, 53]], "(4, 0)LEFT": [0.012147990380675447, [325, 31]], "(4, 0)RIGHT": [0.0004680082503421014, [370, 31]], "(4, 0)UP": [0.0, [352, 11]], "(4, 0)DOWN": [0.47829689999999736, [352, 53]], "(5, 0)LEFT": [0.43046720999665555, [405, 31]], "(5, 0)RIGHT": [0.0, [450, 31]], "(5, 0)UP": [0.0, [432, 11]], "(5, 0)DOWN": [0.0, [432, 53]], "(0, 1)": [-1, [32, 111]], "(1, 1)LEFT": [-0.8784233454094308, [85, 111]], "(1, 1)RIGHT": [0.10128867636898574, [130, 111]], "(1, 1)UP": [0.899999999999999, [112, 91]], "(1, 1)DOWN": [0.5282842054972317, [112, 133]], "(2, 1)LEFT": [0.8099999999999987, [165, 111]], "(2, 1)RIGHT": [0.0018876976066872701, [210, 111]], "(2, 1)UP": [-0.34390000000000004, [192, 91]], "(2, 1)DOWN": [0.08171134184538952, [192, 133]], "(3, 1)LEFT": [0.0, [245, 111]], "(3, 1)RIGHT": [0.000506629274903453, [290, 111]], "(3, 1)UP": [0.019070145174489853, [272, 91]], "(3, 1)DOWN": [0.5904899999999977, [272, 133]], "(4, 1)LEFT": [0.5314409999999974, [325, 111]], "(4, 1)RIGHT": [5.2389334116938065e-06, [370, 111]], "(4, 1)UP": [0.0, [352, 91]], "(4, 1)DOWN": [9.180197224128112e-05, [352, 133]], "(5, 1)LEFT": [0.47829689999911873, [405, 111]], "(5, 1)RIGHT": [0.0, [450, 111]], "(5, 1)UP": [0.0, [432, 91]], "(5, 1)DOWN": [0.0, [432, 133]], "(0, 2)LEFT": [0.06265675395608762, [5, 191]], "(0, 2)RIGHT": [0.5904899999999977, [50, 191]], "(0, 2)UP": [-0.6513215599000001, [32, 171]], "(0, 2)DOWN": [0.03148599097933324, [32, 213]], "(1, 2)LEFT": [0.06336021928468474, [85, 191]], "(1, 2)RIGHT": [0.6560999999999979, [130, 191]], "(1, 2)UP": [0.05777246872739149, [112, 171]], "(1, 2)DOWN": [0.06335012367484097, [112, 213]], "(2, 2)LEFT": [0.0621885788437874, [165, 191]], "(2, 2)RIGHT": [0.06216094165128629, [210, 191]], "(2, 2)UP": [0.7289999999999983, [192, 171]], "(2, 2)DOWN": [0.002245552770889809, [192, 213]], "(3, 2)LEFT": [0.6560999999999979, [245, 191]], "(3, 2)RIGHT": [0.0, [290, 191]], "(3, 2)UP": [0.0009760855730961492, [272, 171]], "(3, 2)DOWN": [0.003023944954177288, [272, 213]], "(4, 2)LEFT": [0.0, [325, 191]], "(4, 2)RIGHT": [0.0, [370, 191]], "(4, 2)UP": [0.47829689999999736, [352, 171]], "(4, 2)DOWN": [0.0, [352, 213]], "(5, 2)LEFT": [0.4304672099998054, [405, 191]], "(5, 2)RIGHT": [0.0, [450, 191]], "(5, 2)UP": [0.0, [432, 171]], "(5, 2)DOWN": [7.66682297250852e-06, [432, 213]], "(0, 3)LEFT": [0.033139748247086355, [5, 271]], "(0, 3)RIGHT": [0.07604228509284584, [50, 271]], "(0, 3)UP": [0.5314409999999974, [32, 251]], "(0, 3)DOWN": [0.0001711698859362272, [32, 293]], "(1, 3)LEFT": [0.06343436407927609, [85, 271]], "(1, 3)RIGHT": [0.5904899999999977, [130, 271]], "(1, 3)UP": [0.06438904745025695, [112, 251]], "(1, 3)DOWN": [0.06412499574778015, [112, 293]], "(2, 3)LEFT": [0.06672903790991146, [165, 271]], "(2, 3)RIGHT": [0.052026298989202635, [210, 271]], "(2, 3)UP": [0.6560999999999979, [192, 251]], "(2, 3)DOWN": [0.0668027118144437, [192, 293]], "(3, 3)LEFT": [0.5904899999999977, [245, 271]], "(3, 3)RIGHT": [0.0, [290, 271]], "(3, 3)UP": [0.0007198672173867592, [272, 251]], "(3, 3)DOWN": [3.978399956477403e-07, [272, 293]], "(4, 3)LEFT": [0.5314409999999974, [325, 271]], "(4, 3)RIGHT": [0.0, [370, 271]], "(4, 3)UP": [0.0, [352, 251]], "(4, 3)DOWN": [0.00019017850220078692, [352, 293]], "(5, 3)LEFT": [0.47829689999907965, [405, 271]], "(5, 3)RIGHT": [1.6925754417636182e-07, [450, 271]], "(5, 3)UP": [0.0, [432, 251]], "(5, 3)DOWN": [0.0001758201720767402, [432, 293]], "(0, 4)LEFT": [0.0, [5, 351]], "(0, 4)RIGHT": [1.3038038686170007e-07, [50, 351]], "(0, 4)UP": [0.47829689997927277, [32, 331]], "(0, 4)DOWN": [0.0, [32, 373]], "(1, 4)LEFT": [0.0006394749232348278, [85, 351]], "(1, 4)RIGHT": [0.03158878128671627, [130, 351]], "(1, 4)UP": [0.5314409999999974, [112, 331]], "(1, 4)DOWN": [0.016226413258923947, [112, 373]], "(2, 4)LEFT": [0.05333288477756323, [165, 351]], "(2, 4)RIGHT": [0.010547234757536524, [210, 351]], "(2, 4)UP": [0.5904899999999977, [192, 331]], "(2, 4)DOWN": [0.005173866060721829, [192, 373]], "(3, 4)LEFT": [0.5314409999999974, [245, 351]], "(3, 4)RIGHT": [0.0033263760994978447, [290, 351]], "(3, 4)UP": [0.013145816988437965, [272, 331]], "(3, 4)DOWN": [9.682768390502106e-05, [272, 373]], "(4, 4)LEFT": [0.47829689999999736, [325, 351]], "(4, 4)RIGHT": [3.304063920878415e-05, [370, 351]], "(4, 4)UP": [0.002719218844534889, [352, 331]], "(4, 4)DOWN": [6.03683594608291e-05, [352, 373]], "(5, 4)LEFT": [0.4304672099975642, [405, 351]], "(5, 4)RIGHT": [0.0001008035496141031, [450, 351]], "(5, 4)UP": [8.206733327741538e-07, [432, 331]], "(5, 4)DOWN": [0.0, [432, 373]], "(0, 5)LEFT": [0.0010764458183519076, [5, 431]], "(0, 5)RIGHT": [0.4304672099977082, [50, 431]], "(0, 5)UP": [0.004271548646919691, [32, 411]], "(0, 5)DOWN": [0.0, [32, 453]], "(1, 5)LEFT": [0.0, [85, 431]], "(1, 5)RIGHT": [0.0037904701885272565, [130, 431]], "(1, 5)UP": [0.47829689999999736, [112, 411]], "(1, 5)DOWN": [0.0, [112, 453]], "(2, 5)LEFT": [4.3046721000000035e-10, [165, 431]], "(2, 5)RIGHT": [0.0007098749569493436, [210, 431]], "(2, 5)UP": [0.5314409999999974, [192, 411]], "(2, 5)DOWN": [0.00010881293274070188, [192, 453]], "(3, 5)LEFT": [0.47829689999999736, [245, 431]], "(3, 5)RIGHT": [0.0, [290, 431]], "(3, 5)UP": [0.00022536179785105718, [272, 411]], "(3, 5)DOWN": [0.0, [272, 453]], "(4, 5)LEFT": [0.43046720999999744, [325, 431]], "(4, 5)RIGHT": [0.0, [370, 431]], "(4, 5)UP": [0.0, [352, 411]], "(4, 5)DOWN": [1.586741983576246e-08, [352, 453]], "(5, 5)LEFT": [0.38742048899906395, [405, 431]], "(5, 5)RIGHT": [0.0, [450, 431]], "(5, 5)UP": [0.0, [432, 411]], "(5, 5)DOWN": [0.0, [432, 453]]}